moonlight34,vantrieu1,TRAN DUC NHAT MINH
silentwave78,vantrieu2,PHAM TUAN HOANG KHANG
skydreamer99,vantrieu3,NGUYEN KIM PHUOC BAO
firestorm21,vantrieu4,LE HOANG NHAT DUY
midnightfox47,vantrieu5,VO THANH KHOA PHUC
bluestone82,vantrieu6,BUI GIA NHAT HAN
wildshadow52,vantrieu7,PHAN NHAT TUAN KHANG
silverhawk23,vantrieu8,DINH MINH KHOA BAO
nightcrawler69,vantrieu9,NGO THANH PHUOC DUY
redphoenix56,vantrieu10,VU HOANG GIA BAO
stormchaser90,vantrieu11,HOANG MINH NHAT HUY
frostbite28,vantrieu12,CAO THANH GIA PHUC
sunriser92,vantrieu13,PHAM KIM HOANG MINH
crimsonflash15,vantrieu14,DO NHAT PHUOC KHANG
whiteswan77,vantrieu15,TRAN THANH MINH KHOA
darkknight64,vantrieu16,PHAN HOANG GIA BAO
windrider86,vantrieu17,NGUYEN PHUOC KHOA HAN
lonewolf43,vantrieu18,PHAM THANH NHAT DUY
shadowhunter12,vantrieu19,BUI KHOA MINH BAO
skyblazer83,vantrieu20,LE HOANG PHUOC KHANG
ironfist94,vantrieu21,DINH NHAT GIA HUY
brightstar36,vantrieu22,VU THANH PHUOC DUY
blackfalcon27,vantrieu23,NGO GIA MINH HAN
soulreaper58,vantrieu24,PHAN THANH NHAT BAO
quickstrike29,vantrieu25,HOANG TUAN GIA BAO
neonflame63,vantrieu26,PHAM PHUOC MINH HUY
silentstorm81,vantrieu27,TRAN HOANG KIM KHANG
blueraven93,vantrieu28,PHAN NHAT MINH PHUC
thunderclap26,vantrieu29,NGUYEN THANH KHOA HUY
fireshade84,vantrieu30,VU GIA PHUOC BAO
nightwhisper54,vantrieu31,DINH MINH KHOA HUY
silverarrow66,vantrieu32,NGO THANH PHUOC KHANG
frozenwind37,vantrieu33,BUI HOANG KIM HAN
redhunter18,vantrieu34,PHAN MINH GIA PHUC
whiteowl79,vantrieu35,HOANG KIM BAO KHANG
darkmoonlight88,vantrieu36,PHAM NHAT KHOA BAO
windstorm32,vantrieu37,VU HOANG PHUOC HUY
lonetiger91,vantrieu38,TRAN THANH NHAT HUY
shadowninja25,vantrieu39,DINH HOANG GIA HUY
skybreaker68,vantrieu40,LE KIM PHUOC KHANG
ironheart35,vantrieu41,NGUYEN MINH GIA HUY
brightflare96,vantrieu42,PHAM NHAT PHUOC HUY
blacktornado11,vantrieu43,PHAN THANH HOANG BAO
soulstrider14,vantrieu44,DINH KIM NHAT PHUC
quickblade74,vantrieu45,VU THANH MINH HUY
neonstorm23,vantrieu46,PHAM KIM GIA HUY
silentarrow87,vantrieu47,HOANG NHAT MINH KHOA
bluenova59,vantrieu48,BUI GIA PHUOC HUY
thunderbird95,vantrieu49,LE NHAT HOANG KHANG
firespirit09,vantrieu50,NGUYEN MINH KIM BAO
nightwalker71,vantrieu51,PHAM HOANG NHAT KHANG
silverstorm19,vantrieu52,DINH THANH MINH HAN
frostshadow89,vantrieu53,NGO NHAT PHUOC HUY
redsaber38,vantrieu54,VU THANH GIA HAN
whiteshadow53,vantrieu55,PHAN HOANG PHUOC KHOA
darkflame57,vantrieu56,PHAM MINH GIA KHANG
winddancer72,vantrieu57,TRAN KHOA NHAT BAO
lonepanther34,vantrieu58,NGUYEN THANH KIM PHUC
shadowfox13,vantrieu59,LE HOANG MINH DUY
skynova85,vantrieu60,VU NHAT GIA KHANG
ironblade41,vantrieu61,PHAM PHUOC GIA BAO
brightmoon61,vantrieu62,DINH KIM NHAT BAO
blacktiger31,vantrieu63,PHAN THANH MINH DUY
soulstrike02,vantrieu64,PHAM HOANG KIM HAN
quickshadow22,vantrieu65,BUI MINH GIA PHUC
neonmoonlight65,vantrieu66,NGUYEN NHAT KHOA HAN
silentwolf06,vantrieu67,VU GIA MINH BAO
bluefire03,vantrieu68,DINH THANH PHUOC HUY
thunderstrike46,vantrieu69,PHAN KIM HOANG PHUC
firenightwalker70,vantrieu70,VU NHAT PHUOC BAO
nightstorm20,vantrieu71,NGUYEN THANH GIA KHANG
silverflash81,vantrieu72,PHAN NHAT MINH HUY
frozenheart07,vantrieu73,DINH KHOA GIA PHUC
redstorm09,vantrieu74,VU HOANG NHAT PHUC
whitenova48,vantrieu75,NGUYEN GIA MINH BAO
darkshadow73,vantrieu76,PHAM THANH NHAT KHOA
windtiger58,vantrieu77,DINH HOANG KIM PHUC
lonenova33,vantrieu78,PHAN MINH NHAT DUY
shadowrider80,vantrieu79,NGUYEN THANH PHUOC BAO
skydancer90,vantrieu80,PHAM GIA MINH PHUC
ironstorm17,vantrieu81,HOANG KIM NHAT HUY
brightshadow91,vantrieu82,DINH MINH HOANG BAO
blackpanther78,vantrieu83,NGUYEN NHAT GIA BAO
soulblade19,vantrieu84,PHAM THANH MINH BAO
quickstorm27,vantrieu85,LE PHUOC GIA PHUC
neonrider56,vantrieu86,BUI HOANG NHAT HAN
silentshadow22,vantrieu87,PHAN MINH PHUOC KHANG
bluewhisper75,vantrieu88,DINH THANH KIM HUY
thunderstorm88,vantrieu89,NGO GIA NHAT DUY
firenight06,vantrieu90,VU MINH PHUOC KHOA
nightfalcon11,vantrieu91,PHAN HOANG NHAT MINH
silverlight93,vantrieu92,DINH KHOA NHAT HUY
frostflare68,vantrieu93,PHAM KIM GIA HAN
redninja49,vantrieu94,VU THANH HOANG KHOA
whitemoon41,vantrieu95,NGUYEN NHAT PHUOC HAN
darknova85,vantrieu96,PHAM KIM NHAT DUY
windshadow03,vantrieu97,DINH THANH GIA KHOA
lonespirit16,vantrieu98,PHAN NHAT MINH DUY
shadowfire65,vantrieu99,VU HOANG GIA PHUC
skyflame04,vantrieu100,NGUYEN MINH KIM KHANG
starhunter56,vantrieu101,NGUYEN HOANG BAO LONG
bluedragon87,vantrieu102,TRAN NHAT MINH KHOA
firestorm43,vantrieu103,LE GIA KHANH DUY
silverblade29,vantrieu104,PHAM QUANG MINH ANH
nightwolf72,vantrieu105,DO ANH TUAN KIET
thunderhawk61,vantrieu106,BUI THANH PHUOC HUY
frostfire34,vantrieu107,VU VAN HOANG PHUC
darkrider96,vantrieu108,DANG HUU NHAT TAN
wildshadow15,vantrieu109,NGO DINH PHUONG LINH
lunarstrike82,vantrieu110,DUONG QUANG HOANG HUY
skyblaze09,vantrieu111,PHAN THANH MAI LAN
crimsonfox38,vantrieu112,NGUYEN DUC THANH DAT
stormchaser11,vantrieu113,TRINH HONG PHUC DUY
neonwave23,vantrieu114,HOANG VU MINH THANG
whiteshadow45,vantrieu115,LY DUC NHAT KHANH
blackphoenix88,vantrieu116,PHAM NGOC HOANG ANH
frozenblade53,vantrieu117,VO THANH BAO NGOC
silentflare17,vantrieu118,MAI PHUONG GIA HAN
ironstorm92,vantrieu119,LE VAN NHAT QUANG
midnightraven08,vantrieu120,TRAN BAO KHANH HUY
skywalker91,vantrieu121,NGUYEN HOANG GIA KHANH
frostbite22,vantrieu122,TRAN THI BAO NGOC
crimsonfire83,vantrieu123,LE MINH NHAT HANH
neonshadow17,vantrieu124,PHAM DUC THANH AN
darkblade56,vantrieu125,DO THI PHUONG LINH
silverstorm03,vantrieu126,VU VAN TUAN KHOA
blueflame64,vantrieu127,PHAN QUOC THANH DAT
ironhawk78,vantrieu128,HOANG KIM BAO LONG
thunderwave39,vantrieu129,BUI MINH TUAN KHOI
midnightfox27,vantrieu130,DANG QUANG ANH TUAN
stormrider15,vantrieu131,NGO TRUNG HUU DUY
whitenova92,vantrieu132,NGUYEN THI LAN HUONG
quickstrike04,vantrieu133,TRAN MINH HOANG PHUC
lunarflare89,vantrieu134,PHAM NGOC BAO HANH
wildphoenix62,vantrieu135,VO HOANG MINH CHAU
silentwolf33,vantrieu136,NGUYEN QUOC KHANH DUY
blackfalcon81,vantrieu137,LE TRUNG ANH TU
fireshadow58,vantrieu138,TRAN VAN HOANG DUY
windrider20,vantrieu139,NGUYEN KIM GIA BAO
brightnova46,vantrieu140,PHAM VAN HOANG MINH
redhawk91,vantrieu141,NGUYEN THI KIM CUONG
frozenstorm77,vantrieu142,TRAN MINH HOANG TU
nightcrawler65,vantrieu143,VU HAI ANH DUONG
darkraven12,vantrieu144,DOAN THI THU THUY
bluehunter99,vantrieu145,HOANG MINH ANH KHOA
shadowblaze88,vantrieu146,PHAM BAO KIM ANH
ironspirit24,vantrieu147,DANG MINH BAO HAN
silentstorm42,vantrieu148,NGUYEN THI THU NGAN
neonlight09,vantrieu149,TRAN HAI DUY PHUC
thunderbolt53,vantrieu150,HOANG NGOC MINH KHOI
