stormrider28,tailoc1,NGUYEN HOANG KHANH DUY
fireblade62,tailoc2,TRAN THI MINH CHAU
silentwave93,tailoc3,LE VAN THANH HUNG
ironwolf19,tailoc4,PHAM NGOC ANH TU
crimsonfox77,tailoc5,DO MINH GIA BAO
darkmoon35,tailoc6,VU VAN THANH DAT
skydancer46,tailoc7,BUI QUOC BAO NGOC
bluefalcon21,tailoc8,DANG HUY MINH KHANG
frostbite88,tailoc9,NGO THI KIM ANH
quickstorm09,tailoc10,HOANG GIA TUAN KHOA
whisperhawk94,tailoc11,PHAN VAN PHUOC LOC
shadowraven57,tailoc12,TRAN BAO NGOC THIEN
neonblaze02,tailoc13,NGUYEN DUC MINH HOANG
blacknova64,tailoc14,VU THI MAI LINH
windwhisper13,tailoc15,LE HUY BAO LONG
nightflare85,tailoc16,PHAM VAN HOANG PHUC
wildhunter31,tailoc17,DO BAO MINH QUAN
silverphoenix48,tailoc18,BUI THI MAI ANH
thunderstrike90,tailoc19,TRAN KIM ANH TU
brightshadow16,tailoc20,NGUYEN QUANG HAI AN
darkflame55,tailoc21,PHAM THANH NHAT HANH
firestorm72,tailoc22,VU MINH QUANG KHANH
silenttiger27,tailoc23,LE VAN HOANG BAO
lunarwhisper10,tailoc24,NGUYEN MINH NHAT PHAT
quickstrike38,tailoc25,HOANG NGOC THANH TUAN
bluedragon95,tailoc26,PHAM THI THU THUY
ironshadow07,tailoc27,NGUYEN TRUNG THANH DAT
stormhunter61,tailoc28,PHAN THI KIM PHUONG
silverwing04,tailoc29,TRAN HAI PHUOC VINH
redrider83,tailoc30,DOAN MINH BAO HANH
